{"train_loss": [4.779696941375732, 0.7984427213668823, 0.25219911336898804, 0.15538324415683746, 0.1440841406583786, 0.1456843763589859, 0.15376567840576172, 0.16624747216701508, 0.18925398588180542, 0.2129363715648651, 0.2492249310016632, 0.24510017037391663, 0.23525653779506683, 0.23308438062667847, 0.2612150311470032, 0.24825412034988403, 0.2812199890613556, 0.33982691168785095, 0.3663463294506073, 0.37806177139282227, 0.44177132844924927, 0.43024659156799316, 0.6967387199401855, 0.43855080008506775, 0.2945762574672699], "val_loss": [2.3017141819000244, 0.3922303318977356, 0.1814068853855133, 0.15001139044761658, 0.1457657516002655, 0.1533554047346115, 0.16263291239738464, 0.17700305581092834, 0.2139994204044342, 0.28152984380722046, 0.28076082468032837, 0.27213096618652344, 0.25986379384994507, 0.28437215089797974, 0.31528761982917786, 0.30576324462890625, 0.3733415901660919, 0.3803265392780304, 0.3814772963523865, 0.39415472745895386, 0.4226328730583191, 0.5220560431480408, 0.6034013628959656, 0.30901631712913513, 0.22614431381225586]}