{"train_loss": [6.001921653747559, 0.8541485667228699, 0.25946763157844543, 0.1475086510181427, 0.13668660819530487, 0.1437586098909378, 0.16080604493618011, 0.19350647926330566, 0.235412135720253, 0.2568430006504059, 0.2437601238489151, 0.25300776958465576, 0.2637079954147339, 0.277784138917923, 0.2669328451156616, 0.23442696034908295, 0.21212008595466614, 0.21212823688983917, 0.2651158571243286, 0.35917454957962036, 0.3872203230857849, 0.3909883499145508, 0.27619317173957825, 0.21740777790546417], "val_loss": [2.3736443519592285, 0.39827293157577515, 0.16742061078548431, 0.1398865133523941, 0.14153572916984558, 0.15406791865825653, 0.18423250317573547, 0.23087820410728455, 0.25703272223472595, 0.24987509846687317, 0.25115877389907837, 0.2843477427959442, 0.2678925096988678, 0.27720212936401367, 0.2587305009365082, 0.24163714051246643, 0.23794949054718018, 0.23959942162036896, 0.3959759771823883, 0.360486775636673, 0.38866350054740906, 0.3435792326927185, 0.27941444516181946, 0.24920988082885742]}